edX subjects,OCW Topic
Architecture,Architecture
Art & Culture,Media Studies
Biology & Life Sciences,Biology
Business & Management,Business
Chemistry,Chemistry
Communication,Communication
Computer Science,Computer Science
Data Analysis & Statistics,Probability and Statistics
Design,Visual Arts
Economics & Finance,Economics
Education & Teacher Training,Teaching and Education
Electronics,Electrical Engineering
Energy & Earth Sciences,Earth Science
Engineering,Engineering
Environmental Studies,Earth Science
Ethics,Philosophy
Food & Nutrition,Health and Exercise Science
Health & Safety,Health and Medicine
History,History
Humanities,Humanities
Language,Language
Law,Legal Studies
Literature,Literature
Math,Mathematics
Medicine,Health and Medicine
Music,Music
Philanthropy,Sociology
Philosophy & Ethics,Philosophy
Physics,Physics
Science,Science
